group_id,group_name,num_members,category_id,category_name,organizer_id,group_urlname
339011,Nashville Hiking Meetup,15838,23,Outdoors & Adventure,4353803,nashville-hiking
19728145,Stepping Out Social Dance Meetup,1778,5,Dancing,118484462,steppingoutsocialdance
6335372,Nashville soccer,2869,32,Sports & Recreation,108448302,Nashville-soccer
10016242,NashJS,1975,34,Tech,8111102,nashjs
21174496,20's & 30's Women looking for girlfriends,2782,31,Socializing,184580248,new-friends-in-Nashville
11077852,Sunday Assembly Nashville,918,28,Religion & Beliefs,4765912,Sunday-Assembly-Nashville
22197221,Team Green Adventures,1812,23,Outdoors & Adventure,199336381,TeamGreenAdventures
1585196,Tennessee Hiking Group,4828,23,Outdoors & Adventure,13537265,TennesseeHikingGroup
526316,¡Diablos Que Bailan! (Salsa Nashville),3472,5,Dancing,12229328,diablos-que-bailan
1763190,Nashville Tennis Meetup,1563,32,Sports & Recreation,9890725,Nashville-Tennis-Meetup
18243826,Middle TN 40+ singles,2583,30,Singles,198309808,MTN-40
11625832,PyNash,1442,34,Tech,215201845,PyNash
168014,The Nashville Writers Meetup,3286,36,Writing,1281684,nashvillewriters
19218850,Greater Nashville Healthcare Analytics,764,34,Tech,12825115,Greater-Nashville-Healthcare-Analytics
1526075,Nashville Area Gamer Association - NAGA,2730,11,Games,10764011,NAGACentral
1102353,Nashville Backpacker Meetup,3861,23,Outdoors & Adventure,7528310,NashvilleBackpacker
18955830,Eat Love Nash,5008,31,Socializing,13814459,EatLoveNash
18495240,Middle Tennessee Hiking Meetup,1576,23,Outdoors & Adventure,183268581,Middle-Tennessee-Hiking-Outdoor-Meetup
18562307,Nashville Young Professionals Meetup,3210,2,Career & Business,8736052,Nashville-Young-Professionals-Meetup
18589616,Agile Nashville User Group,862,34,Tech,126249582,Agile-Nashville-User-Group
18297014,Nashville Christian Singles,1683,23,Outdoors & Adventure,183268581,Nashville-Active-Christian-Singles
47094,The Greater Nashville RPG and Board Gamers Group,2375,11,Games,185299351,dnd-49
20181560,Tails of the Trail,1241,26,Pets & Animals,365419,Tails-of-the-Trail
19277993,Nashville DevOps Meetup,502,34,Tech,183378188,NashDevOps
7836842,Nashville UX,1318,34,Tech,21627131,nashville-ux
18616278,Franklin Developer Lunch & Learn,629,34,Tech,170855672,franklin-developer-lunch
16477792,Nashville .NET User Group,1371,34,Tech,16790301,Nashville-NET-User-Group
24803205,Brentwood Happy Hour / Dining Out Meetup,415,21,Music,92479482,Brentwood-Happy-Hour-Dining-Out-Meetup
14546632,Nashville Machine Learning Meetup,451,34,Tech,132473852,Nashville-Machine-Learning-Meetup
1371991,The Joy of Dining Out with Friends Meetup,2032,10,Food & Drink,13677114,Dining-With-Friends
16062152,Design Thinking Nashville,1026,34,Tech,158936252,DesignThinkingNashville
15297782,Nashville Product Meetup,560,34,Tech,86371752,Nashville-Product-Meetup
4126912,Nashville Online Entrepreneurs,1532,2,Career & Business,44942272,nashville-online
20807142,Music City Young Professionals,1388,31,Socializing,7377000,MusicCityYP
2542802,Nashville Flag Football,645,32,Sports & Recreation,26285162,NashvilleFlagFootball
19266390,Nashville Networking Business Luncheon,1444,2,Career & Business,11759637,Nashville-Networking-Business-Luncheon
1187715,What the Pho!,1889,10,Food & Drink,4230486,What-the-Pho
19997487,Developer Launchpad Nashville,576,34,Tech,82204922,Developer-Launchpad-Nashville
3173762,Nashville Java Users' Group,1041,34,Tech,40336202,nashvillejug
16487812,Code for Nashville,1763,34,Tech,58983922,code-for-nashville
6707902,Data Science Nashville,1046,34,Tech,14589429,Data-Science-Nashville
6629622,North Nashville Party Chicks,435,31,Socializing,12258718,North-Nashville-Party-Chicks
3047512,Fun Happenings Travel & Adventure Group,2058,23,Outdoors & Adventure,34240622,Fun-Happenings-Travel-Adventure-Group
8771812,The Nashville Microsoft Azure Users Group,651,34,Tech,4353024,The-Nashville-Microsoft-Azure-Users-Group
9376702,Nashville Women Programmers,1091,34,Tech,7918427,NashvilleWomenProgrammers
1360698,Nashville PHP User Group,1118,34,Tech,1813015,nashvillephp
19030621,"Lesbians in the Workplace, Nashville",567,12,LGBT,7859383,Lesbians-in-the-Workplace-Nashville
929402,Paddle Adventures Unlimited,6331,23,Outdoors & Adventure,8939765,paddleadventuresunlimited
1324203,Nashville Psychic Meetup,2360,22,New Age & Spirituality,19801731,Nashville-Psychics
4705492,"WOMEN ""Word of Mouth Entrepreneurial Networkers""",2307,2,Career & Business,26706942,WOMEN-Word-of-Mouth-Entrepreneurial-Networkers
22817838,freeCodeCamp Nashville,434,34,Tech,7534345,freeCodeCamp-Nashville
1179719,Nashvegans!,965,13,Movements & Politics,9770948,nashvegans
19556549,Inner Engineering Nashville (Isha Yoga & Meditation Classes),1103,14,Health & Wellbeing,184777575,Isha-Yoga-Inner-Engineering-Nashville-Yoga-Meditation
5618532,Nashville Salesforce Admins & Developers Group,501,34,Tech,204135137,Nashville-Salesforce-Developer-User-Group
25481468,Outdoor Afro-Nashville,113,23,Outdoors & Adventure,87574402,Outdoor-Afro-Nashville
1776274,"Nashville SEO & Internet Marketing, Over 1,600 Members!",1649,2,Career & Business,10119159,Nashville-SEO-Group
1728035,WordPress Nashville,1643,34,Tech,72560962,NashvilleWordpress
15552112,Intellectual Society of Greater Nashville,652,6,Education & Learning,146326152,Intellectual-Society
18314164,NashBI,784,34,Tech,183427754,NashBI
227528,Nashville Spanish Meetup,1417,16,Language & Ethnic Identity,2434993,spanish-570
26076650,Franklin Technology Startups Meetup,55,34,Tech,35147542,Franklin-Technology-Startups-Meetup
16447162,Nash |> Elixir,391,34,Tech,8111102,nash-elixir
535553,Nash.rb,881,34,Tech,14344641,nashrb
1358081,Nashville Online Business Strategy Meetup,1447,2,Career & Business,44942272,Nashville-Online-Business-Strategy
18476981,Drink-n-Draw,2514,1,Arts & Culture,40582582,DrinkNDrawNashville
18361585,Make Nashville Meetup,1684,34,Tech,5900662,Make-Nashville-Meetup
5282132,One Dharma Nashville Meditation Group,1191,22,New Age & Spirituality,65541132,One-Dharma-Nashville
24906881,Brentwood Artificial Intelligence Meetup,97,34,Tech,22476571,Brentwood-Artificial-Intelligence-Meetup
1492619,Women's  Business Network,2163,2,Career & Business,15369081,Womens-business-network
18414590,Women 'n' Wine of Nashville,690,2,Career & Business,187452711,Women-n-Wine-of-Nashville
541319,The Nashville Songwriters Meetup Group,2644,21,Music,2984170,vocalists-164
1349592,Board Game Lovers Meetup,2261,11,Games,7563113,Board-Game-Lovers-Meetup-Group
16954142,Network Middle Tennessee,1084,2,Career & Business,13020262,Network-Middle-Tennessee-Prosperous-Partnerships
21837219,All Things Angular,302,34,Tech,129133182,All-Things-Angular
23053409,Nashville LGBT Game Night Meetup,296,12,LGBT,11498435,Nashville-Gay-Game-Night-Meetup
1431882,Nashville Outdoor Adventures Club,1328,23,Outdoors & Adventure,9101358,The-Nashville-Outdoor-Adventures-Club
24693747,Williamson County Republican Party,114,13,Movements & Politics,16881781,Williamson-County-Republican-Party
18314669,Beer and Bible Nashville,445,28,Religion & Beliefs,2201276,Beer-and-Bible-Nashville
25884191,Nashville Drum Circle Community :D,143,14,Health & Wellbeing,6440691,Nashvilledrumcircles
10000962,T-VOE: Tennessee Voice Over Exchange,72,1,Arts & Culture,108686552,TennesseeVoiceOverExchange
22736876,Business Connections Networking Group,126,2,Career & Business,191532521,Brentwood-Rowdy-Referral-Networking-Meetup
1751502,Women 'n' Wine of Williamson County,959,2,Career & Business,9919399,Women-n-Wine-Williamson-County
19443174,Couples New 2 Nashville & Know (almost) NoOne.  Ages 40 & Up,398,31,Socializing,68682832,New-to-Nashville
18850080,NashReact,438,34,Tech,10083866,NashReact-Meetup
23674770,Whole-Food Plant-Based Dieters,250,14,Health & Wellbeing,4579315,living-oil-free-and-plant-strong
18529135,Franklin AM - Networking,360,2,Career & Business,34583172,Franklin-AM-Networking
19822479,Nashville Entrepreneurs Network,1192,2,Career & Business,201177047,Nashville-Entrepreneurs-Network
26000035,Nashville Freelance Creatives,223,1,Arts & Culture,12143808,NashvilleFreelanceCreatives
17467312,NashMicro - The Nashville Microcontroller Makers Group,646,34,Tech,54437942,NashMicro
19292162,Nashville CocoaHeads,237,34,Tech,145632652,Nashville-CocoaHeads
2556962,Middle Tennessee Motorcycle Riders,1055,3,Cars & Motorcycles,11578777,Middle-Tennessee-Motorcycle-Riders
1274150,Unity of Nashville Spirituality Meetup Group,1187,22,New Age & Spirituality,9726350,unityofnashville
25641512,Hendersonville Area Active/Outdoor Lifestyle,91,23,Outdoors & Adventure,12258718,Hendersonville-Area-Active-Outdoor-Lifestyle
18425641,Greater Nashville Networking Group,510,2,Career & Business,83214022,Greater-Nashville-Networking
22585660,"Wine, Women, and the World",1035,31,Socializing,194923584,wine-women-and-the-world
204767,Nashville Podcasters,292,34,Tech,119792682,podcaster
25521445,Nashville: CryptoCurrency University,104,34,Tech,225659788,Nashville-New-Currency-University
2520612,The Nashville Girly Book Club,1770,18,Book Clubs,6721449,The-Nashville-Girly-Book-Club
5882552,Nashville and Tennessee History,1422,6,Education & Learning,59643462,Tennessee-Historical-Society
1498076,Christian Business Leaders Roundtable | CEO Fellowship,887,2,Career & Business,9470306,cblroundtable
19847832,"Chicago Cubs, Blackhawks and Bears Fans near Nashville",341,32,Sports & Recreation,81052872,Chicago-Cubs-Bears-Blackhawk-Fans-near-Nashville
26069557,Tableau and BI for Nashville,42,34,Tech,202311485,Tableau-and-BI-for-Nashville
6641192,Nashville Shambhala Meditation Group,874,14,Health & Wellbeing,16624181,Nashville-Shambhala-Meditation-Group
20384452,Thrills and Chills Book Club,105,18,Book Clubs,90086912,Thrills-and-Chills-Book-Club
1622500,Boost Nashville - The Business Networking Group!,799,2,Career & Business,12131688,BoostNashvilleBiz
24584525,You are a Badass!,591,23,Outdoors & Adventure,48990822,youarebadass
10426762,Women 'n' Wine of Green Hills,401,2,Career & Business,61683832,Women-n-Wine-of-Green-Hills
24039540,Get Out 'N Game - Nashville,188,11,Games,169396342,Get-Out-N-Game-Nashville
20806988,Events of the Camera Club Council of Tennessee,318,27,Photography,183534666,Events-of-the-Camera-Club-Council-of-Tennessee
22023226,Paid To Speak Entrepreneurs,328,2,Career & Business,184259142,Music-City-Professional-Speakers-Meet-Up
18855476,Savvy Coders - Nashville,243,34,Tech,197929760,SavvyCoders
20269464,Philadelphia Eagles Fans In Nashville,90,32,Sports & Recreation,199853583,Philadelphia-Eagles-Fans-In-Nashville
11131552,Hiking Club of Nashville and Suburbs,3381,23,Outdoors & Adventure,92743262,Hiking-Club-of-Nashville-and-Suburbs
24125934,Murfreesboro Web Development Meetup,43,34,Tech,178742432,Murfreesboro-Web-Development-Meetup
22130047,"Nashville Metaphysical, New Age, and Psychic Meetup",285,22,New Age & Spirituality,70636672,Nashville-Metaphysical-New-Age-and-Psychic-Meetup
20336043,Nashville Ladies Volunteering and Having Fun,1639,31,Socializing,12347749,Nashville-Ladies-Volunteering-and-Having-Fun
18506072,20s in Nashville,3811,31,Socializing,188857906,20s-in-Nashville
710272,Spiritual Psychology and Consciousness Group,1382,22,New Age & Spirituality,2652159,spiritualism-291
6190702,Fun Happenings Social Group-Nashvilles Most Fun Social Group,2050,31,Socializing,34240622,funhappeningssocialgroup
10178242,Nashville Mobile Developers,1166,34,Tech,110489102,NashvilleMDUG
19828398,Nashville English Language Learning Meetup,436,16,Language & Ethnic Identity,27465332,Nashville-English-Language-Learning-Meetup
1507431,Euchre in Nashville,427,11,Games,10198845,Euchre-in-Nashville
252576,Real Estate Investors of Nashville Meetup Group,1035,2,Career & Business,12011595,reintn
11776502,NASHVILLE REIKI & OILS,610,22,New Age & Spirituality,6780662,ReikiNashvilleTN
19416348,Bellevue Business Networking Meetup,298,2,Career & Business,83272622,Bellevue-Business-Networking-Meetup
19528743,Nashville Real Estate Investor Network,441,2,Career & Business,144256692,Nashville-Real-Estate-Wealth-Investor-Network
18494105,The Iron Yard - Nashville,1491,34,Tech,104388972,The-Iron-Yard-Nashville
25810092,Nashville KDrama Addicts,35,16,Language & Ethnic Identity,80142302,Nashville-KDrama-Addicts
22374557,1-on-1 Conversations Nashville,289,16,Language & Ethnic Identity,38395162,1-on-1-Conversations-Nashville
23723436,Donelson Networking Group,87,31,Socializing,226769794,Donelson-Networking-Group
13560402,Nashville Modern Excel & Power BI User Group,540,34,Tech,120578592,Nashville-Modern-Excel-User-Group
25448937,"Women, Wine, & Coloring",284,1,Arts & Culture,107126142,women-wine-and-coloring
7700282,Tennessee Real Estate Investors Meetup,1292,2,Career & Business,85602482,Tennessee-Real-Estate-Investors-Meetup
6230672,Bellevue Area Meetup: Meet New Friends!,493,31,Socializing,1720391,BellevueAreaMeetup
1457232,Volunteer Nashville,2921,4,Community & Environment,34423222,volunteernashville
12847372,Mount Juliet/Wilson County Hiking & Outdoors,802,23,Outdoors & Adventure,80583062,Mount-Juliet-Wilson-County-Hiking-Meetup
1307837,Mid-TN Scrapbooking Club,520,15,Hobbies & Crafts,4163995,Mid-TN-Scrapbooking-Club
23394559,Girls Night Out Bunco For WOMEN Meetup,50,11,Games,184600207,Smyrna-Bunco-Meetup
20135961,20s/30s Nashville Online Dating Rebellion!,1124,31,Socializing,198403977,Nashville-Online-Dating-Rebellion
20065975,TwitchNashville,187,11,Games,204653383,TwitchNashville
22132964,Little Black Dress Club Nashville,49,31,Socializing,10169306,LBDCNashville
24743042,"Nashville Girl's Night Out - Shopping, Networking, + More",414,31,Socializing,227859656,Nashville-Girls-Night-Out-Shopping-Networking-More
1169709,Nashville Filmmakers,1189,20,Movies & Film,182568739,nashvillefilmmakers
1581956,Metro Nashville German Meetup Group,52,16,Language & Ethnic Identity,14000160,Nashville-German-Meetup-Group
1417288,"The Nashville Singer, Musician and Songwriter Meetup Group",2060,21,Music,1966421,NashvilleMusician
11184352,Nashville Bitcoin Meetup,322,2,Career & Business,124644362,Nashville-Bitcoin-Meetup
26091301,Women's Bible Study,43,28,Religion & Beliefs,232528811,meetup-group-eZbwabuK
18837102,Nashville Software Automation Professionals,166,34,Tech,100449852,Nashville-Software-Automation-Professionals
26090658,Grace Business Networking Group,20,2,Career & Business,13385553,Grace-Business-Networking-Group
20583464,Mediumship and Intuitive Development Circle of Nashville,234,22,New Age & Spirituality,5212354,Mediumship-and-Intuitive-Development-Circle-of-Nashville
18549438,NashDash Dating!,1769,30,Singles,77649082,NashDash-Dating
25681644,East Nashville Daytime Basketball,52,32,Sports & Recreation,212106559,East-Nashville-Daytime-Basketball
1772099,Nashville 80s Music & More Meetup,1763,21,Music,5129031,Nashville80sLovers
18801828,"SCORE Nashville Events, Networking and Workshops",727,2,Career & Business,128146292,SCORE-Nashville-Events-Networking-and-Workshops
7151442,Nashville Mobile .NET Developers,372,34,Tech,70666292,NashvilleMobileDotNet
7130232,Nashville Software Beginners,1308,34,Tech,14344641,nashville-software-beginners
12588802,Nashville Vipassana Meditation Meetup,91,22,New Age & Spirituality,4817345,Nashville-Vipassana-Meditation-Meetup
3376042,Mastermind Business Networkers,605,2,Career & Business,9470306,CEOMastermindSE
788001,The Middle TN Alternative Health Meetup Group,992,14,Health & Wellbeing,6780662,alternative-510
19654655,Nashville Music Programmers,516,34,Tech,194047958,Nashville-Music-Programmers
7699922,Thinking Christians Book Club,195,28,Religion & Beliefs,4720318,Thinking-Christians-Book-Club
405938,MTRAS ~ MidTn Robotic Arts Society,525,34,Tech,3246917,robotics-71
25648018,Smashville Singles Coed 25-40ish,314,31,Socializing,197966717,Smashville-Singles-Coed-25-40ish
23573879,Middle Tennessee Photography Buddies,423,27,Photography,196315467,Middle-Tennessee-Photography-Buddies
25441371,Nashville Mindfulness in Nature,236,14,Health & Wellbeing,190717209,Nashville-Mindfulness-in-Nature
24850344,Goddess and the Moon Metaphysical Meetup,237,22,New Age & Spirituality,192829365,Goddess-and-the-Moon-Metaphysical-Meetup
25076888,Nashville QA,64,34,Tech,13490762,Nashville-QA
23594916,Ethereum Nashville,198,34,Tech,96331022,Ethereum-Nashville
18714758,Nashville Socials and Events!,2634,31,Socializing,77649082,Nashville-Socials-and-Events
26040985,Spanish Group Downtown,36,16,Language & Ethnic Identity,201787805,Spanish-Group-Downtown
19904711,NashSec,107,34,Tech,86263532,NashSec
25681787,Village Healing Arts,67,22,New Age & Spirituality,7325785,Village-Healing-Arts
1741429,Brentwood - Grow Your Business In Tennessee,491,2,Career & Business,228396306,Brentwood-GrowYour-Business-In-Tennessee
14649032,Nashville Game Developers,516,34,Tech,9590115,NashGameDev
20186791,Free & Cheap Events,2189,31,Socializing,209069325,meetup-group-FtpRCHbj
20166757,Science Club Nashville,281,6,Education & Learning,208732641,Science-Club-Nashville
18629337,The Nashville Football Giants,109,32,Sports & Recreation,184367689,NY-Giants-Fans-in-Nashville
18823274,Padmasambhava Buddhist Center - Nashville,144,14,Health & Wellbeing,221829385,Padmasambhava-Buddhist-Center-Nashville
21989057,Nashville Amazon Sellers,83,34,Tech,207103295,The-Amazon-Seller
21957723,GKIC Nashville Chapter Business Building Meetup,181,2,Career & Business,220077960,GKIC-Nashville-Business-Building-Meetup
25397992,the New World is in Order!,73,22,New Age & Spirituality,61526062,the-New-World-is-in-Order
20493986,R-Ladies Nashville,210,2,Career & Business,213434886,rladies-nashville
20402980,Nashville Dungeon Delvers,124,11,Games,212154798,Nashville-Dungeon-Delvers
25326528,Nashville Squash Meetup,47,32,Sports & Recreation,230674257,Nashville-Squash-Meetup
19934054,Outdoor Fit - HIIT,205,9,Fitness,200686755,Outdoor-HIIT-Fit
8805172,Nashville Wiener Romp,499,26,Pets & Animals,12983193,NashvilleWienerRomp
19049542,Blues Dance Nashville,865,21,Music,193696306,Blues-Dance-Nashville
16140462,40 and over gay men for social gatherings,200,12,LGBT,8809394,A-meetup-group-for-professional-gay-men-40-For-dinner-etc
1451826,Nashville Science Fiction Book Club,726,6,Education & Learning,70762772,Nashville-Science-Fiction-Book-Club
15335602,Brentwood TN Conversational Spanish Language Meetup Group,315,16,Language & Ethnic Identity,153513242,Brentwood-TN-Conversational-Spanish-Language-Meetup-Group
2496252,Oneness Nashville,874,22,New Age & Spirituality,25507792,Oneness-Nashville
19064659,Franklin Books and Discussion Meetup,50,6,Education & Learning,56725922,Franklin-Books-and-Discussion-Meetup
25471951,Franklin Gaming and Comics,53,11,Games,31995212,Franklin-Gaming-and-Comics
20836828,Black Women Read Book Club,35,18,Book Clubs,133440072,FUNdamental-Book-Club-Meetup
20241153,OCD Nashville Peer Support Group Meetup,47,33,Support,208888939,OCD-Nashville-Peer-Support-Group-Meetup
20129636,Nashville Classic and Contemporary Fiction Group (for women),112,18,Book Clubs,183590843,Nashville-Classic-and-Contemporary-Fiction-Group-for-women
25115699,Lipscomb Environmental Sustainability Meetup,19,4,Community & Environment,220443481,Lipscomb-Environmental-Sustainability-Meetup
22873954,Kilo Fit Nashville,171,9,Fitness,223501599,Kilo-Fit-Nashville
21747934,Nashville Gay Men Explorer Group,274,12,LGBT,217710404,NGM-explorer
19687074,Nashville Spirituality Meetup,703,22,New Age & Spirituality,10167520,Nashville-Spirituality-Meetup
8908602,Nashville Network After Work - Business Networking Events,2622,2,Career & Business,95169012,Nashville-Network-After-Work-Business-Networking-Events
528705,Music City Wine Enthusiasts,1094,10,Food & Drink,3700371,nashvillewinegroup
25117452,Maintaining Your Balance,168,14,Health & Wellbeing,196267339,maintaining-your-balance
1473660,Nashville Kayak Lessons,3260,23,Outdoors & Adventure,4093533,Nashville-Kayak-Lessons
22808815,Center for Spiritual Living Nashville,191,22,New Age & Spirituality,212306666,Center-for-Spiritual-Living-Nashville
25694632,Networking in The Nations,37,2,Career & Business,227262615,Networking-in-The-Nations
18677333,Enneagram Nashville,54,22,New Age & Spirituality,188726261,Enneagram-Nashville
981249,Art of Living,1106,14,Health & Wellbeing,6163855,artoflivingnashville
22993273,Networking Today Int'l -Middle Tennessee,127,2,Career & Business,69351852,Networking-Today-Brentwood
6284242,All Things Gardening,293,4,Community & Environment,9605661,AllThingsGardening
17487002,Nashville Alternative Health & Wellness,1328,14,Health & Wellbeing,6780662,Nashville-Alternative-Healing-Meetup
19348756,Franklin Reiki,200,22,New Age & Spirituality,34583172,Franklin-Reiki
25972489,Cool Springs Gay Men's Lunch Group,24,12,LGBT,53677492,CoolSprings-Gay-Mens-Lunch-Group
16548342,Piano Music Lovers of Nashville,88,21,Music,162948592,Piano-music-lovers-of-Nashville
25791353,Nashville BoomPower!,48,2,Career & Business,235761200,Nashville-BoomPower
26079417,IIBA Nashville Chapter Meetup,13,2,Career & Business,1575535,IIBA-Nashville-Chapter-Meetup
26018023,Nashville Krishna Bhakti Yoga Meetup,33,14,Health & Wellbeing,237187969,Nashville-Bhakti-Yoga-Meetup
25903892,The Costumed Revelers,26,29,Sci-Fi & Fantasy,4579315,The-Costumed-Revelers
24616027,Nashville Magento Meetup,32,34,Tech,9486559,Nashville-Magento
21043417,Nashville Professional Referral Club TEAM Chapter,320,2,Career & Business,207925172,Nashville-Professional-Referral-Club
23515107,CityWalks,654,9,Fitness,152361762,meetup-group-TiEtxQpU
22730657,Her Heart Project,490,14,Health & Wellbeing,223018602,Her-Heart-Project
22422502,Conscious Transformation - Nashville,387,14,Health & Wellbeing,220906954,Conscious-Transformation-Nashville
25934999,Karate at the Park,80,9,Fitness,181874912,Karate-at-the-Park
24675279,Circle Bliss ~ Nashville ~ Energy Healing ~ Ataana Method,112,22,New Age & Spirituality,35079522,Nashville-Circle-Bliss-Energy-Healing-Meetup
21134448,Nashville Gophers,73,34,Tech,82968792,Nashville-Gophers
25427336,Nashville International Group,93,16,Language & Ethnic Identity,190382781,Nashville-International-Group
6928642,Middle Tennessee Sierra Club Outings and Adventures,3509,4,Community & Environment,60473582,Middle-Tennessee-Sierra-Club-Outings-and-Adventures
14566132,Nashville ADHD Adults,359,33,Support,5166997,ADDventurer
17872862,Nashville Amazon Web Services User Group,476,34,Tech,183447968,nawsug
1456007,EDIBLE WEED WALKS and PLANT CLASSES,1649,14,Health & Wellbeing,9556327,weedeaters
18634990,Nashville Scrabble Meetup,460,11,Games,155888802,Nashville-Scrabble-Meetup
14396812,Nashville Faith & Skepticism Meetup,50,28,Religion & Beliefs,41099822,Faith-n-Skepticism
3870752,Nashville Foam Fighting - Dur Demarion - Belegarth,589,11,Games,89601182,DurDemarion
20182158,Green Hills Stampin' and Scrapbooking Meetup,57,15,Hobbies & Crafts,6373873,Green-Hills-Stampin-and-Scrapbooking-Meetup
10032122,Christianity & Transhumanism,31,28,Religion & Beliefs,2256087,christian-transhumanism
24925734,The Country Club of Downtown Nashville (20s & 30s),69,31,Socializing,222408640,The-Country-Club-of-Downtown-Nashville-20s-30s
26294237,Cryptocurrency And Ecommerce,38,34,Tech,235931560,Cryptocurrency-And-Ecommerce
26159186,Los Angeles to Nasville transplants,15,31,Socializing,235919891,Nashville-Burning-Man-Meetup
26115369,Nashville Adventures,181,23,Outdoors & Adventure,111955332,Nashville-Adventures
23398017,Nashville Artificial Intelligence Society,154,34,Tech,178935292,Nashville-Artificial-Intelligence-Society
25777628,Nashville SQL for Newbies,102,34,Tech,235675072,Nashville-SQL-for-Newbies
21245809,Women of Power (WOP),127,2,Career & Business,211907159,African-American-Womens-Entrepreneur-Referral-Group
20440116,Reading Queer,197,12,LGBT,206075080,Reading-Queer
19824779,Nashville BarkHappy Dog Meetup,243,26,Pets & Animals,203113616,Nashville-BarkHappy-Dog-Meetup
25996638,Music Row Professional Group,10,2,Career & Business,225854465,Music-Row-Professional-Group
5327862,Nashville Animal Advocacy,344,26,Pets & Animals,9770948,nashvilleanimaladvocacy
25327081,"The Estuary - Mindfulness, Self-Care, and Support Community",200,14,Health & Wellbeing,233003328,The-Estuary-Mindfulness-Self-Care-and-Support-Community
23970553,Nashville International Relations Meetup - Great Decisions,103,6,Education & Learning,17939432,Nashville-International-Relations-Meetup-Great-Decisions
8540732,Nashville Spiritual Experiences Group,160,22,New Age & Spirituality,96254872,Nashville-Spiritual-Experiences-Group
21522768,Nashville Ladies' Book Club,47,18,Book Clubs,212823747,Nashville-Ladies-Book-Club
25717708,"RfR - Nashville, TN",43,28,Religion & Beliefs,231551616,RfR-Nashville-TN
1665418,Music City Tango,401,5,Dancing,12229328,Music-City-Tango
17836142,Nashville Kizomba Meetup,482,5,Dancing,10686284,Nashville-Kizomba-Meetup
22771879,Bananas For Bananagrams,65,11,Games,181729622,Bananas-For-Bananagrams
18256892,Nashville Holistic Association,549,14,Health & Wellbeing,189205349,nashvilleholisticassociation
998413,Cumberland Green Bioregional Council,240,4,Community & Environment,6241567,Cumberland-Green-River-Bioregional-Council
12238842,Nashville Axis & Allies Meetup,115,11,Games,50099592,Nashville-Axis-Allies-Meetup
25857366,The Warner Trail Runners,74,9,Fitness,168891042,The-Warner-Trail-Runners
1697586,The Nashville Chinese Language and Culture Meetup Group,243,16,Language & Ethnic Identity,23481271,The-Nashville-Chinese-Language-and-Culture-Meetup-Group
18795154,Big East Fork Folk / Jazz Music Meetup,532,21,Music,184844188,Nashville-Folk-Jazz-Music-Meetup
18180033,Nashville Chess and Chat Meetup,257,11,Games,182480471,Nashville-Chess-and-Chat-Meetup
26043925,Evening Walks At The Park For Singles,50,9,Fitness,237353086,Evening-Walks-At-The-Park-For-Singles
11294262,Let's Talk Franklin Toastmasters Club,608,2,Career & Business,12742746,Lets-Talk-Franklin-Toastmasters-Club
19094001,Middle Tennessee Entrepreneurs MasterMind Meetup,366,2,Career & Business,195151597,Middle-Tennessee-Entrepreneurs-MasterMind-Meetup
17820032,Nashville IAM User Group,83,34,Tech,197646485,NashvilleIAM
21755271,Williamson County Democratic Party Events,88,13,Movements & Politics,206327732,WCDPTN-Events
21715712,Happy Hour Networking for Charity,73,4,Community & Environment,187452711,Happy-Hour-Charity
26264825,The Goddess Tribe,61,14,Health & Wellbeing,236234217,The-Goddess-Tribe
25150760,Real Estate and Coffee in Smyrna,34,2,Career & Business,230684071,Real-Estate-Lender-and-Coffee
20377949,Nashville Comedy Meetup,326,31,Socializing,212031851,Nashville-Comedy-Meetup
20348898,Nashville Christian Universalists,97,28,Religion & Beliefs,186473570,Nashville-Christian-Universalists
25105164,Nashville Urban Planning Meet Up,30,1,Arts & Culture,80119952,Nashville-Urban-Planning-Meet-Up
2237681,Sahaja Yoga Meditation - Nashville,428,14,Health & Wellbeing,213302747,Free-meditation-Nashville
19827046,Nashville Hydroponics / Aquaponics Meetup,429,4,Community & Environment,14129264,Nashville-Hydroponics-Aquaponics-Meetup
25856788,West Meade Cyclists,15,9,Fitness,191709519,West-Meade-Cyclists
25777556,Nashville Business Analysis,116,34,Tech,235675072,Nashville-Business-Analysis
25493984,Athletes Connecting with Athletes,36,32,Sports & Recreation,233083796,Athletes-Connecting-with-Athletes
24431556,Random Nashville Fun,254,31,Socializing,22062221,Random-Nashville-Fun
18556100,Nashville Wakeboarding and surfing Meetup,124,32,Sports & Recreation,109094062,Nashville-Wakeboarding-Meetup
18549379,Craft Beer Lovers of Nashville Meetup,906,10,Food & Drink,185448684,Craft-Beer-Lovers-of-Nashville-Meetup
22021463,Nashville Bloggers,260,34,Tech,215402116,Nashville-Bloggers
21933145,The Wild Woman Project - Nashville,137,22,New Age & Spirituality,143624072,The-Wild-Woman-Project-Nashville
21724210,Nashville Beauty Industry Meetup,160,8,Fashion & Beauty,8417201,Nashville-Beauty-Industry-Meetup
18602480,Nashville Skiing Meetup,477,23,Outdoors & Adventure,8346884,Nashville-Skiing-Meetup
18977219,Nashville Professional Photography Meetup by ASMP Tennessee,206,2,Career & Business,193411935,Nashville-Professional-Photography-Meetup-by-ASMP-Nashville
20940321,B'nei Mikra Nashville (Torah Study),86,28,Religion & Beliefs,211917547,Nashville-Torah-Bible-Study
1037384,The Nashville Backgammon Association,41,11,Games,7340356,Nashville-Backgammon-Association
1665349,East Nashville Book Club,249,18,Book Clubs,12419997,East-Nashville-Book-Club
25587693,Vegan Peace,63,10,Food & Drink,6790104,Vegan-Peace
22643488,Nashville Psychedelic Society,97,22,New Age & Spirituality,140543192,Nashville-Psychedelic-Society
1354051,Nashville Amnesty International,577,4,Community & Environment,9703440,Nashville-Amnesty-International
20947040,Nashville Blockchain Meetup,517,34,Tech,215789888,Nashville-Blockchain-Meetup
24446290,Spiritist Study Group,23,28,Religion & Beliefs,229380747,spiritist-study-group
19011737,Nashville Beading and Jewelry Design Meetup,58,15,Hobbies & Crafts,107724592,Nashville-Beading-and-Jewelry-Design-Meetup
19333013,Tennessee Red Rock Adventurers,479,3,Cars & Motorcycles,83794192,Tennessee-Red-Rock-Adventurers
19249559,Climb Nashville Meetup,933,23,Outdoors & Adventure,196894650,ClimbNashville
16321082,Nashville Cloudera User Group,101,34,Tech,187840592,NashvilleTN-Cloudera-User-Group
22985677,Nashville Investment Angels,47,2,Career & Business,101443692,Nashville-Angels
11862932,Nashville Linux Users Group,564,34,Tech,10749993,Nashville-Linux-Users-Group
26207526,Williamson Co. 50+ Professional Singles Tired of Mediocrity,10,30,Singles,174329642,Williamson-Co-50-Professional-Singles-Tired-of-Mediocrity
7193382,"ManKind Project, Nashville",48,33,Support,81801572,ManKind-Project-Nashville
19680459,Bellevue Free Mandarin/Korean Lessons Meetup,243,16,Language & Ethnic Identity,201134776,Nashville-Cross-Culture-Meetup
24556869,Miniatures @ GAME CAVE 2 Hendersonville,27,29,Sci-Fi & Fantasy,230023795,Miniatures-GAME-CAVE-2-Hendersonville
4631582,Nashville Daoist (Taoist) & Chinese Philosophy Meetup Group,192,22,New Age & Spirituality,9657945,Nashville-Daoist-Taoist-Chinese-Philosophy-Meetup-Group
19964997,Nashville's Society of Women Business Owners (SOWBO),511,2,Career & Business,205350511,SOWBO_Nashville
18798102,Wellness Nashville,540,14,Health & Wellbeing,34583172,Wellness-Nashville
25717087,Mental Health Counseling Professionals in Private Practice,18,2,Career & Business,226369649,Mental-Health-Counseling-Professionals-in-Private-Practice
26232242,Nashville Craft Party,44,31,Socializing,12221290,Nashville-Craft-Party
25885346,Achilles Nashville Hope + Possibility 5 Miler and 1 Mile Run,30,9,Fitness,236254773,Achilles-Nashville-Hope-Possibility-5-Miler-and-1-Mile-Run
25608397,Nashville Adventurers,192,31,Socializing,234762500,meetup-group-qTWwMeMm
25528010,Nashville Date4Eight Singles,386,31,Socializing,234322740,Nashville-Date4Eight-Singles-Meetup
25516196,The Leadership Circle,74,2,Career & Business,184826453,The-Leadership-Circle
24748157,Gaia's Tribe,43,22,New Age & Spirituality,230736743,Gaias-Tribe
7694232,Women of Purpose and Power,105,28,Religion & Beliefs,85540172,Women-of-Purpose-and-Power
23520088,Xero Hour - Nashville,78,2,Career & Business,209818889,XeroHour-Nashville-Meetup-Group
23486559,Nashville Floral Design Meetup,33,15,Hobbies & Crafts,14561217,Nashville-Floral-Design-Meetup
23134486,Shelby Bottoms Push,131,32,Sports & Recreation,225015754,Shelby-Bottoms-Push
7263452,TuneTown Show Chorus,131,21,Music,12556049,TuneTownShowChorus
1240194,Nashville Rock Climbing MeetUP,724,23,Outdoors & Adventure,200631844,nashville-climbing-meetup
13532852,Nashville Children in Nature,654,25,Parents & Family,187869037,Nashville-Children-in-Nature
20124638,Social Entrepreneurs of Nashville,44,2,Career & Business,6042535,nashsocialentrep
16877932,Nashville Lisp Sync,152,34,Tech,135965262,Nashville-Lisp-Sync
1405630,Nashville Sustainability Events Group,618,4,Community & Environment,7939685,Nashville-Sustainability-Events-Group
18399311,Citizens Climate Lobby Nashville,106,4,Community & Environment,11542678,CCLNashville
2486942,Nashville Singularity Meetup,72,34,Tech,2256087,singularity-talk
25694482,"Service Providers..Computer,Electrical,Plumbing and more",26,2,Career & Business,235162613,Service-Providers-Computer-Electrical-Plumbing-and-more
23353167,Nashville Docker Meetup,167,34,Tech,114766932,nashville-docker
21651228,Nashville Music Performance Playground,14,21,Music,197580884,Nashville-Music-Performance-Playground
20583850,"GREEN Investment Club, Nashville",71,2,Career & Business,7803411,GREEN-Investment-Club-Nashville
26282355,Goodlettsville Roadrunners,11,9,Fitness,184360544,Goodlettsville-Roadrunners
1443992,9.12 Project Nashville,582,13,Movements & Politics,1099042,Nine-12-Project-Nashville
25357512,Interfaith Scripture Study,41,28,Religion & Beliefs,60708922,Interfaith-Scripture-Study
20338101,GEEK by AKEIN Engineering,62,6,Education & Learning,211399294,GEEK-by-AKEIN-Engineering
19708553,Nashville Cooking Lessons Meetup,557,10,Food & Drink,201134776,Nashville-Cooking-Lessons-Meetup
18764206,West Nashville/Bellevue Conversation Cafe,48,22,New Age & Spirituality,189865755,West-Nashville-Conversation-Cafe
8900412,Sumner County Libertarian Party,77,13,Movements & Politics,14044231,Sumner-County-Libertarian-Party
21182471,THE GARDEN OF GOOD,166,4,Community & Environment,36981262,Volunteers-of-Nashville-and-Beyond
16536012,Meet Mount Juliet Networking Mixer,678,31,Socializing,111047112,Meet-Mount-Juliet-Networking-Happy-Hour-Meetup
9307682,New Investors & Real Estate Investors of Williamson County,160,2,Career & Business,101734162,Real-Estate-Investors-of-Williamson-County-How-to-succeed
26069682,Franklin Essentially doTERRA Workshops,8,14,Health & Wellbeing,236234217,franklin-essentially-doterra-workshops
25988957,Franklin Diabetes Meetup,11,14,Health & Wellbeing,233389780,Franklin-Diabetes-Meetup
19033734,Franklin Small Business Digital Media Marketing Meetup,296,2,Career & Business,194203262,Franklin-Small-Business-Digital-Media-Marketing-Meetup
18414491,Women'n'Wine of Murfreesboro,114,2,Career & Business,9919399,Women-n-Wine-of-Murfreesboro
20368282,"Mimosas, Brunch and Network",103,2,Career & Business,211050390,Mimosas-Sips-Shop-Mix-n-Mingle-Event
20359485,Hoop Nashville,74,5,Dancing,211771359,Hoop-Nashville
20352209,The Right Alternative,79,13,Movements & Politics,198216622,The-Right-Alternative
20337962,Cincinnati Conversation about Moments of Grace,12,31,Socializing,191433023,Cincinnati-Conversation-about-Moments-of-Grace
20226672,BIG FUN GAME nite,509,34,Tech,149171732,BIG-FUN-GAME-nite
20216630,Konexus - Young Professionals of Nashville,52,31,Socializing,12182946,Konexus-Young-Professionals-of-Nashville
20209131,Sophos Southeast Partners,59,34,Tech,183551781,Sophos-South-East
20135762,Nashville Kubernetes Meetup,120,34,Tech,184413641,Nashville-Kubernetes-Meetup
20068490,Pranic Healing Nashville,128,22,New Age & Spirituality,207034808,Pranic-Healing-Nashville
23461731,East Nashville Reading Club,49,18,Book Clubs,14561217,East-Nashville-Reading-Club
20041384,ONA Nashville,99,34,Tech,101347382,ONA-Nashville
20025834,Nashville Social Media Enthusiasts,87,2,Career & Business,8017072,Nashville-Social-Media-Enthusiasts
19977540,Nashville | Fusion 360 Meetup,78,34,Tech,119985832,Nashville-Fusion-360-Meetup
13635532,Thrifting Nashville Meetup,530,8,Fashion & Beauty,3669527,Thrifting-Nashville-Meetup
19852452,Nashville Cardinals Club,51,32,Sports & Recreation,2434993,Nashville-Cardinals-Club
19828207,Nashville Purely Social and Super-Awesome Social Group,1441,31,Socializing,199853583,Nashville-Purely-Social-and-Super-Awesome-Social-Group
19743943,OCF Nashville,49,34,Tech,214700450,OCF-Nashville
19713173,Transplant Nashville,2152,31,Socializing,201565346,Transplant-Nashville
19667147,Traveling Widows and Widowers,132,23,Outdoors & Adventure,59643462,Traveling-Widows-and-Widowers
1780720,The Inter-Religious Conversation,577,28,Religion & Beliefs,2256087,theconversation
26140018,Fight against Alzheimer’s Disease/Walk'n to End ALZ,3,4,Community & Environment,6770985,Nashville-Fights-Against-Alzheimer-Walk-to-EndALZ
25924179,Nashville OCD Support Group for Friends & Family Meetup,7,33,Support,208888939,Nashville-OCD-Support-Group-for-Friends-Family-Meetup
19275797,Mindful Cyborgs Meditation,256,34,Tech,112028452,mindfulcyborgs
25718653,Nashville Hookah Bar Hook-ups!,16,15,Hobbies & Crafts,227480320,Nashville-Hookah-Bar-Hook-ups
24163549,Nashville Screenwriters Meetup,49,36,Writing,228364452,Nashville-Screenwriters-Meetup
25707458,Denise Vaughn's Baby Wearing Group Hike,11,23,Outdoors & Adventure,235261229,Denise-Vaughns-Baby-Wearing-Group-Hike
19108156,Nashville Startup Founder 101,1199,2,Career & Business,11314237,Nashville-Startup-Founder-101
25651905,Nashville Cinema Workshop,97,20,Movies & Film,231379957,Nashville-Cinema-Workshop
25495782,Portuguese Language Club in Nashville,50,16,Language & Ethnic Identity,196076811,Portuguese-Language-Club-in-Nashville
25482608,Startup Nashville,162,2,Career & Business,222408471,Start-Up-Nashville
25428115,It's All About Travel Nashville,73,31,Socializing,56599802,Its-All-About-Travel-Nashville
19035579,Nashville League of Legends Meetup,94,11,Games,64087012,Nashville-League-of-Legends-Meetup
19011903,TGIT =Thank Goodness It's THURSDAY Happy Hour & Business,603,2,Career & Business,194008858,TGIT-Thank-Goodness-Its-THURSDAY-Happy-Hour-Business
25339863,Blockchain Technology Disrupting Healthcare,67,34,Tech,12626414,Blockchain-Technology-Disrupting-Healthcare
25273815,Nashville Wakeboard Cumberland Riv Commodore-Rock Harbor,40,23,Outdoors & Adventure,3297435,Nashville-Wakeboard-Cumberland-Riv-Commodore-Rock-Harbor
18999473,Nashville Tennis Lessons- PlayYourCourt,182,32,Sports & Recreation,192783654,Nashville-Tennis-Lessons-PYC
711599,The Nashville Web Design Meetup Group,493,34,Tech,34842792,webdesign-482
358337,"Nashville Social Crew! Dine, Hike, Photography, & More!",4017,27,Photography,147707862,NashvilleEvents
18996036,Full-Stack Marketing Mastermind,256,34,Tech,10119159,nashville-marketing
25140784,Couples Exploring Nashville,155,31,Socializing,9681725,Couples-Exploring-Nashville
18974119,Nashville Science & Religion Meetup,299,6,Education & Learning,2256087,Science-Religion
25101926,Nashville Acting Meetup,79,1,Arts & Culture,231379957,Nashville-Acting-Meetup
18923420,20&UP Tennis: Nashville,590,32,Sports & Recreation,191216562,The-20-Somethings-Tennis-League-Nashville
18914937,Nashville SaltStack Meetup,26,34,Tech,96591722,Nashville-SaltStack-Users-Group
8548902,20/30 something couples in Nashville!~,398,31,Socializing,8458864,20-30somethingcouplesNashville
18882523,Nashville Electronic Music & Synthesizer Meetup,405,21,Music,8386,Nashville-Synthesizer-Meetup
24860224,Middle Tennessee Foster Care and Adoption Meetup,18,25,Parents & Family,228261135,Middle-Tennessee-Foster-Care-and-Adoption-Meetup
18849449,Music City Women of coursge &  strength,304,14,Health & Wellbeing,183763810,Music-city-women-of-courage-strength
24786221,Nashville Podcasting for Music & Business,43,34,Tech,213600223,Nashville-Podcasting-for-Music-Business
24750651,Nashville Feminist Meetup,10,13,Movements & Politics,191910306,Nashville-Feminist-Meetup
24744100,Nashville Instagram Meetup,50,27,Photography,65539312,Nashville-Instagram-Meetup
24675297,Nashville Single Moms Meetup,50,25,Parents & Family,162147582,Nashville-Single-Moms-Meetup
24619540,East Nashville YA Lit!,50,18,Book Clubs,227022050,East-Nashville-YA-Lit
18779992,Nashville API Developers,552,34,Tech,1813015,NashAPI
24316830,Opening,92,6,Education & Learning,208426796,Opening
18729267,10X Revolution Nashville,51,14,Health & Wellbeing,28803812,10X-Revolution-Nashville
24107423,"witchcraft united - leading, teaching, learning & practicing",9,22,New Age & Spirituality,228033479,witchcraft-united-leading-teaching-learning-practicing
24034447,Middle Tennessee Autoimmune Protocol (AIP) Meetup,18,10,Food & Drink,177235402,Middle-Tennessee-Autoimmune-Protocol-AIP-Meetup
18665368,Second Saturday Divorce Workshop for Women,143,33,Support,188474505,DollarsOfDivorce
23968092,Ingress,11,11,Games,11288886,Ingress
23816722,Nashville Wanderlusters,643,23,Outdoors & Adventure,223204425,Nashville-Wanderlusters
18660552,The Nashville TENNISseans,508,32,Sports & Recreation,204115611,Nashville-TENNISseans
23688313,Read Between The Wines Book Club Nashville,359,18,Book Clubs,217883458,Read-Between-The-Wines-Book-Club-Nashville
18642226,Nashville Tennis Lessons,138,32,Sports & Recreation,9890725,Nashville-Tennis-Lessons
23570439,"Big, Fine &  Fabolous",43,10,Food & Drink,188250804,Big-Fine-Fabolous
23499806,Nashville Walking Women,242,9,Fitness,38913462,Nashville-Walking-Women
23456513,California Relocation Club,276,31,Socializing,225644457,CaliforniaRelocation
18604107,Middle Tennessee Kayak Lessons Meetup,1824,23,Outdoors & Adventure,10358025,Middle-TN-Kayak-Lessons-Meetup
23168220,Nashville Real Estate Investor Entourage,83,2,Career & Business,11343690,Nashville-Real-Estate-Investor-Entourage
18573279,Advanced Audio + Applications Exchange (A3E) - Nashville,271,21,Music,65662402,Advanced-Audio-Applications-Exchange-A3E-Nashville
22874794,Nashville Home Buyers Meetup,93,2,Career & Business,8807761,Nashville-Home-Buyers-Meetup
22796457,M.A.D.Y. (Make A Date with Yourself),874,8,Fashion & Beauty,220818378,M-A-D-Y-Make-A-Date-with-Yourself
18536116,Detroit Red Wings Fans in Nashville Meetup,45,32,Sports & Recreation,34086372,Detroit-Red-Wings-Fans-in-Nashville-Meetup
22468329,Man Cave 615,388,31,Socializing,5900662,mancave615
21632405,Middle Tennessee WarGamers,72,11,Games,230023795,Middle-Tennessee-WarGamers
21533726,State & Local Government Developers Network,123,34,Tech,4611657,SLGDN_Nashville
21500753,Network & Social - Nashville Networking Events,279,2,Career & Business,217832051,Network-Social-Nashville-Networking-Events
21426971,Girl Guitar,51,21,Music,217856528,Girl-Guitar
21395952,East Nashville Pick-Up Baseball,102,32,Sports & Recreation,196356773,East-Nashville-Pick-Up-Baseball
21390741,The Nashville Big Red Machine,16,32,Sports & Recreation,188988997,The-Nashville-Big-Red-Machine
21338021,"WomanSpeak, Nashville Circles",381,2,Career & Business,143624072,WomanSpeak-Nashville-Circles
21306620,Nashville Preds NHL,130,32,Sports & Recreation,178169942,Nashville-Preds-NHL
21262880,Amway Business Opportunity Info Session,77,2,Career & Business,186008461,Amway-Business-Opportunity-Info-Session
26290037,Nashville Digital Currency Ecommerce Opportunity Event,6,34,Tech,13385553,Nashville-Digital-Currency-Ecommerce-Opportunity-Event
21245706,Nashville Landmark Worldwide Meetup,16,6,Education & Learning,217055526,Nashville-Landmark-Worldwide-Meetup
18076512,Tn Permaculture Meetup,121,4,Community & Environment,59559622,Tn-Permaculture-Meetup
21192621,Nashville Ambitious Women,64,2,Career & Business,213028297,Nashville-Ambitious-Women
21059074,Nashville Transform Your Life Meetup,179,14,Health & Wellbeing,26195832,Nashville-Life-Transformation-Meetup
20931376,Walk and Talk Meetup,493,9,Fitness,208553095,Walk-and-Talk-Meetup
20920929,Nashville Elegance Portfolio,46,2,Career & Business,8807761,Nashville-Elegance-Portfolio
20909584,Digital Transformation Workshop,35,34,Tech,115604192,meetup-group-aPlqXWsO
20822884,iProduce BNA - Pro iPhone / iPad camera / RESIST / Meetup,27,34,Tech,121080112,iProduce-BNA-Pro-iPhone-iPad-Camera-AV-RESIST-Meetup
20780059,Movies with Heide,186,20,Movies & Film,181729622,Movies-with-Heide
20757821,Never Bored in Nashville,1872,21,Music,208221775,Never-Bored-in-Nashville
20614985,Nashville Area Drone User Group,50,15,Hobbies & Crafts,64429432,Nashville-Multirotor
20586888,Nashville Women & Beauty,5,8,Fashion & Beauty,1720391,Nashville-Women-Beauty
3332512,Nashville Co-Ed Kickball,620,32,Sports & Recreation,194666305,Nashville-WAKA-SocialSports
20573895,Nashville Golf Travel Meetup,29,32,Sports & Recreation,186320543,Golf-Travel-Meetup
20490119,Immersion Composition Society (ICS),50,21,Music,10031473,Immersion-Composition-Society-ICS
20440175,NASHVILLE WRITERS HOUSE,503,36,Writing,187240261,Nashville-Writers-House
20421535,Explorer Chicks of Nashville: Adventure Awaits!,921,23,Outdoors & Adventure,152391882,Explorer-Chicks-of-Nashville-Adventure-Awaits
13288852,James K. Polk Toastmasters,84,6,Education & Learning,7644736,James-K-Polk-Toastmasters
11375762,Music City Drinking Buddies,2021,31,Socializing,18235831,MusicCityDrinkingBuddies
10016162,Nashville PowerShell User Group (NashPUG),264,34,Tech,7644736,Nashville-PowerShell-User-Group
1642477,"Movie Lovers:  New, Classic, and Foreign Films Meetup",875,20,Movies & Film,12552155,Movie-Lovers-Classic-New-and-Foreign-Films
15770262,"Ambrosia - Friends, Food and Fun",1629,31,Socializing,5129031,Ambrosia-Friends-Food-and-Fun
25604533,Chihuahua's Nashville - Tiny & Mighty,3,26,Pets & Animals,234724627,Chihuahuas-Nashville
8968172,Nashville's New Business Owners,326,2,Career & Business,8736052,Nashvilles-New-Business-Owners
22999903,Diner en Blanc for Music City - Interest Group,67,31,Socializing,7069550,Diner-en-Blanc-Music-City-Interest-Group
22608632,SupNashville: Customer Support and Success Meetup,44,2,Career & Business,168578872,SupNashville
1538088,Viva Italia Tennessee www.VivaItaliaTN.com,460,10,Food & Drink,5545536,Viva-ItaliaTN
1551589,Tarot Lights,177,22,New Age & Spirituality,5463788,TarotLights
17894222,Nashville Hadoop Users Group,296,34,Tech,148026092,Nashville-Hadoop-Meetup
20327673,Nashville Software Defined Networking (SD-WAN),54,34,Tech,211201871,Nashville-Software-Defined-Networks
18953664,Nashville Farm to Fork,683,10,Food & Drink,14129264,Nashville-Farm-to-Fork
19256403,Nashville Startup: Idea to IPO,210,2,Career & Business,197475969,Nashville-Startup-Idea-to-IPO
1433893,NashvilleTech,886,34,Tech,34842792,Nashville-Tech
20138675,Comfort zone Escapees,146,22,New Age & Spirituality,193004586,Comfort-zone-Escapees
20064276,Nashville Women of a Certain Age Meetup,225,31,Socializing,7939865,Nashville-WOACA
19922637,East Nashville Women Mean Business,60,2,Career & Business,173228792,East-Nashville-Women-Mean-Business
19908083,"Wellness, Abundance, Purpose",295,14,Health & Wellbeing,7242438,WAPnashville
11626822,Nashville Digital Marketing Meetup,389,34,Tech,34842792,Nashville-Digital-Marketing-Meetup
1743773,SEO in Nashville - Join the Other Group!,41,2,Career & Business,198986314,Nashville-SEO
18767675,Nashville Music-Technology Group,159,34,Tech,50226272,Nashville-Music-Technology-Group
7218692,Eastside Rides,349,23,Outdoors & Adventure,481401,Eastside-Rides
18286946,Dine and Unwind in East Nashville,2667,10,Food & Drink,173228792,Dine-and-Unwind-in-East-Nashville
18456837,Nashville Sailing,280,23,Outdoors & Adventure,187869037,Nashville-Sailing
15186082,Nashville Psychotherapy Institute,189,14,Health & Wellbeing,152325902,Nashville-Psychotherapy-Institute
2150491,Music City Singles,878,29,Sci-Fi & Fantasy,12748125,MusicCitySingles
217795,Single in the City Live,1570,2,Career & Business,5129031,SingleintheCityLive
1671273,Skeleton Cru,678,34,Tech,9822767,skeletoncru
18640924,The Geek Set - Nashville,171,29,Sci-Fi & Fantasy,2915885,7edfeebb-9e66-45f8-af00-98aaefa48900
18517376,Nashville Pilgrimage Hiking & Walking Meetup Group,984,23,Outdoors & Adventure,148327392,Nashville-Pilgrimage-Walking-Meetup-Group
22140032,Network Marketing|MLM Group,49,2,Career & Business,186016631,meetup-group-hKceZQRh
1505523,Strictly Belcourt,1729,20,Movies & Film,12552155,Strictly-Belcourt
3636792,Nashville Quantum Energy Play Group,196,22,New Age & Spirituality,49605352,Nashville-Matrix-Energy-Play-Group
1786237,Nashville Pick-a-Flick,868,20,Movies & Film,13522107,Nashville-Pick-a-Flick
19194894,Nashville Christian Technologists and Entrepreneurs,613,34,Tech,193181718,Nashville-Christian-Technologists-and-Entrepreneurs
4268372,Nashville Search Engine Marketing Meetup,136,2,Career & Business,10119159,SEO-Nashville
18230606,Nashville Hearthstone Fireside Gathering,203,11,Games,64087012,Nashville-Hearthstone-Fireside-Gathering
16607822,Nashville Virtual Reality Meetup,995,34,Tech,12626414,nashvr
14380872,Business Girls Rock! Nashville Entrepreneurship Meetup,459,2,Career & Business,33152582,Business-Girls-Rock-Nashville-Entrepreneurship-Meetup
11938732,Conscious Nashville,90,4,Community & Environment,11303118,Conscious-Nashville
19262745,Tennessee Americans United for Separation of Church & State,185,13,Movements & Politics,126066112,tennesseeau
8997492,Gastro Sojourn,88,10,Food & Drink,8538260,Gastro-Sojourn
23595967,A Guide to Regenerative Healing thru Nature's Abundance,324,14,Health & Wellbeing,203131913,Regenerative-Healing-thru-Natures-Abundance
24835109,Solo No Mo' Club,102,31,Socializing,231112869,SoloNoMo
3290412,"""New Moon Monthly Energy Workshop""",50,22,New Age & Spirituality,21452941,New-Moon-Monthly-Energy-Workshop
1292918,The Middle TN Red Sox Nation Meetup Group,330,32,Sports & Recreation,8035540,redsoxinnashville
18471729,"Build and Develop Your Online Presence Nashville, TN",353,2,Career & Business,198986314,Build-and-Develop-Your-Online-Presence-Nashville-TN
20197351,Nashville Longevity Communities,53,31,Socializing,208553095,Nashville-Longevity-Connection
1805550,"A Course in Miracles Study Group, Nashville",505,22,New Age & Spirituality,11726940,ACIM-Disappearance-of-the-Universe-Nashville
19855182,The Nashville Taiji Club,34,14,Health & Wellbeing,10310662,thenashvilletaijiclub
8796112,Nashville ColdFusion User Group,41,34,Tech,12480841,Nashville-ColdFusion-User-Group
18672773,Nashville Charismatic Liberals,27,28,Religion & Beliefs,91626512,Antioch-Charismatic-Liberals
16067522,Urban League Young Professionals of Middle Tennessee,1198,16,Language & Ethnic Identity,157364212,Urban-League-Young-Professionals-of-Middle-Tennessee
18964683,Nashville Nonprofit Meetup,32,4,Community & Environment,145524752,Nashville-Nonprofit-Meetup
1578685,Transition Nashville,674,4,Community & Environment,6241567,Transition-Nashville
16773582,CANDLESTICKS PRICE ACTION NETWORK (CPAN),59,2,Career & Business,153961372,CPATGroup
2305281,Nashville Cohousing Group,282,4,Community & Environment,10771857,Nashville-Cohousing-Group
19604922,Nashville Area Real Estate Investors Meetup,111,2,Career & Business,198943237,Nashville-Area-Real-Estate-Investors-Meetup
19496778,Nashville Parents of Children with Dyslexia Support Group,21,33,Support,199072232,Nashville-Parents-of-Children-with-Dyslexia-Support-Group
9710012,Nashville's Gluten Free Dinner Club & Celiac Support Assoc.,217,10,Food & Drink,105743172,nashvilleceliacs-org
18816443,Bucketlisted : Coveted Travel & Life Experiences,95,31,Socializing,191094419,A-bucketlisted-life-com
18556157,Serial Tanks Meetup,146,2,Career & Business,184162005,Serial-Tanks
22930798,"Mid-South NLP & Hypnosis Meetup -- Nashville, TN Chapter",35,14,Health & Wellbeing,157144422,Nashville-NLP-Hypnosis-Meetup
6121452,Stand Up Paddle Boarding in Nashville TN.,977,32,Sports & Recreation,71815372,Stand-Up-Paddle-Boarding-in-Nashville-TN
1078077,PROVIDENT LIVING & SELF-RELIANCE,777,6,Education & Learning,67608552,PROVIDENTLIVING
20351444,Middle TN First Time Home Buyers Meetup,43,2,Career & Business,108738112,Middle-TN-First-Time-Home-Buyers-Meetup
25973656,Trichotillomania and Skin-Picking Disorder Support Group,6,33,Support,208888939,Trichotillomania-and-Skin-Picking-Disorder-Support-Group
255854,Nashville Locals,1910,2,Career & Business,183553262,nashvillelocals
23112117,"Philosophy, Science, Religion and Ethics.",74,6,Education & Learning,222369017,Nashville-Deep-Conversation-Meetup
18288648,Music Industry Forum- Who kNew Nashville,992,21,Music,180860502,Music-Industry-Forum-Who-kNew-Nashville
4063542,Networking for Charity,1615,2,Career & Business,51043622,Networking-for-Charity
18626981,Nashville Meditation and Hypnosis,563,14,Health & Wellbeing,182756674,Nashville-Meditation-and-Hypnosis
14775182,Nashville Travel Meetup,370,31,Socializing,59643462,Nashville-Travel-Meetup
1396244,Live Music Metropolis - Nashville Chapter,3765,31,Socializing,8458864,livemusicnashville
1787157,"GrowNashville: Startup Entrepreneurs, Hackers, & Web Experts",915,34,Tech,198986314,Nashville-Startups
25828941,For Women Only - How to Not Run Out of Cash in Retirement,9,2,Career & Business,234044722,For-Women-Only-How-to-Not-Run-Out-of-Cash-in-Retirement
25489627,GALavant Outdoors,287,23,Outdoors & Adventure,191949198,GALavant-Outdoors
25129130,Tennessee Red Hat User Group (RHUG),81,34,Tech,56878812,Tennessee-RHUG
1576921,Music City Jazz Fans,501,21,Music,13381219,National-Urban-Jazz-Alliance
17770582,The Data Warehouse Institute (TDWI) Nashville Meetup,311,34,Tech,13015862,The-Data-Warehouse-Institute-TDWI-Nashville-Meetup
191516,Vegan Food & Friends,850,10,Food & Drink,13911819,rawfood-152
18658376,Extraterrestrials,136,22,New Age & Spirituality,8319720,Extraterrestrials
23281394,Nashville Flight Training,127,23,Outdoors & Adventure,225611636,Nashville-Flight-Training
24249720,The Bridge Club Runway and Photos,52,2,Career & Business,62564532,The-Bridge-runway-club
4064562,The Whole Wealth Club,137,2,Career & Business,11303118,WholeWealthClub
20302679,JOBS Etc - Career Opportunities Network,244,2,Career & Business,210769720,JOBS-Etc-Career-Opportunities-Network
13728662,Single Adult Ministry @ Brentwood United Methodist Church,459,28,Religion & Beliefs,140571002,Single-Adult-Ministry-Brentwood-United-Methodist-Church
19100119,"Soul Evolution, Ascension & Beyond of Nashville",151,22,New Age & Spirituality,14555377,Soul-Evolution-Ascension-Beyond-Of-Nashville
1029550,The Nashville/Brentwood Cigar Aficionado's Meetup,429,10,Food & Drink,217129772,nashvillecigaraficionados
19062235,Brentwood Bible Study,156,28,Religion & Beliefs,67608552,Brentwood-Bible-Study
18549827,Living Wholeheartedly: The Daring Way™ Nashville,399,14,Health & Wellbeing,12742746,Living-Wholeheartedly-The-Daring-Way-Nashville
22222970,#Resist: Brentwood,73,13,Movements & Politics,221183678,Resist-Brentwood
4515232,Nashville Insurance Professionals,60,2,Career & Business,7476365,Nashville-Insurance-Professionals
1276241,Brentwood Sales & Marketing Meetup Group,177,2,Career & Business,7476365,sales-149
1563026,"I am Happy Project - Brentwood, TN",231,22,New Age & Spirituality,10936970,IamHappyProjectBrentwoodTN
12518342,Antioch/Nashville Homeschooling Meetup,56,25,Parents & Family,89347602,Antioch-Homeschool-Meetup
22222969,#Resist: Antioch,65,13,Movements & Politics,221183678,Resist-Antioch
20377182,Pure Storage Middle Tennessee,34,34,Tech,195789852,Pure-Storage-Middle-Tennessee
19680612,Nashville Free Guitar Lesson Meetup,469,21,Music,201134776,Nashville-Free-Guitar-Lesson-Meetup
18944977,Aussies in Nashville,77,16,Language & Ethnic Identity,14225093,Aussies-in-Nashville
18821254,Nashville Business Strategy Meetup,2,2,Career & Business,125145522,Nashville-Business-Strategy-Meetup
18571126,Bellevue Business Buzz Networking  Group,5,2,Career & Business,1720391,Bellevue-Business-Meetup
7138452,"Nashville Conda, R, Julia Users Group",413,34,Tech,80256802,Nashville-R-Users-Group
22288842,Bellevue Moms Meetup,28,25,Parents & Family,221654701,meetup-group-coKYrfcT
18266348,Nashville World Travelers,1226,23,Outdoors & Adventure,34240622,Nashville-World-Travelers
18232817,Narrowcasting Your Passion,73,34,Tech,125145522,Narrowcasting-Your-Passion
19871462,Mama Bears Who Care - Women Helping Youth Grow to Adulthood,44,4,Community & Environment,203831971,Mama-Bears-Who-Care
26296592,Sumner County Moms in Business,9,2,Career & Business,88583272,Sumner-County-Moms-in-Business
19099815,Escape The Rat Race With Real Estate Investing!!,444,2,Career & Business,182613595,Nashvilles-Millionaire-Minds
24038214,Hendersonville Area Casual Softball,34,32,Sports & Recreation,227549082,Hendersonville-Area-Casual-Softball
18638819,Project Worship,111,21,Music,90887122,Project-Worship
23065168,Hendersonville Volunteering Meetup,50,4,Community & Environment,224750164,Hendersonville-Volunteering-Meetup
22485402,Hendersonville-Goodlettsville Area Walking/Outdoor Activity,164,9,Fitness,182706381,Hendersonville-Walking-Meetup
22193397,Hendersonville Hiking Meetup,235,23,Outdoors & Adventure,98668942,meetup-group-HdmmwCyA
24153712,SoulScaped Living,84,14,Health & Wellbeing,9299101,SoulScaped-Living
21954237,"Moms, Wine, And Kiddos",169,25,Parents & Family,148015882,Moms-Wine-And-Kiddos
21143591,Wilson County Women Volunteering and Having Fun,285,31,Socializing,12347749,Wilson-County-Women-Volunteering-and-Having-Fun
23972116,Das Squad,10,18,Book Clubs,228221722,Das-Squad
19266450,"Rikian Exerciser Fitness Fans - Franklin, TN",32,9,Fitness,117599352,Rikian-Exerciser-Fitness-Fans-Franklin-TN
14557662,Tintri Nashville - VMaware storage,67,34,Tech,133613162,Tintri-Nashville
18767335,Bible Reading,171,28,Religion & Beliefs,198069024,Bible-Reading
23285340,Greater Nashville Democrats 30+ Social Network,174,13,Movements & Politics,223910698,Greater-Nashville-Democrats-30-Social-Network
22920407,Franklin Social Networking Meetup,87,31,Socializing,223910698,Franklin-Social-Networking-Meetup
18567736,MHO Nashville Active Adventures,1696,23,Outdoors & Adventure,186568863,MHO-Nashville-Active-Adventures
22422793,Women & Horses,108,26,Pets & Animals,187452711,Women-Horses
20224806,Doing The Impossible,107,2,Career & Business,209443823,Doing-The-Impossible
19198182,Arts Council of Williamson County,84,1,Arts & Culture,193785123,Arts-Council-of-Williamson-County
25174197,Franklin Bible Study Meetup,48,2,Career & Business,209443823,Franklin-Bible-Study-Meetup
25090126,Photographic Artistry Workshop - Franklin,50,27,Photography,185068897,Photographic-Artistry-Workshop-Franklin
24924087,Franklin/Nashville Parental Alienation Support Meetup,9,33,Support,162878732,Franklin-Nashville-Parental-Alienation-Support-Meetup
23984060,Franklin Essential Oils,39,14,Health & Wellbeing,214983548,Franklin-Essential-Oils-Meetup
24568502,Movie Meet up at Big East Fork,50,1,Arts & Culture,222124728,Movie-Meet-up-at-Big-East-Fork
24553853,Franklin Natural Health Group,107,14,Health & Wellbeing,214983548,Franklin-Natural-Health-Group
24277119,Coed Social (late 20's & 30's),303,23,Outdoors & Adventure,141530952,Franklin-Dining-Out-Meetup
18602064,Center for Sustainable Stewardship,108,23,Outdoors & Adventure,89446912,Big-East-Fork-Center-for-Sustainable-Stewardship
23040833,Franklin Death Cafe,31,31,Socializing,190717209,Franklin-Death-Cafe
22881778,Franklin Kundalini Yoga Meetup,67,14,Health & Wellbeing,149212592,Franklin-Kundalini-Yoga-Meetup
18592827,"Big East Fork Yoga, Mind/Body, and Wellness",152,14,Health & Wellbeing,89446912,Big-East-Fork-Yoga-Mind-Body-and-Wellness
22437242,Franklin/Nashville Cool Family Meetup,99,25,Parents & Family,220056540,Franklin-Nashville-Cool-Family-Meetup
22222972,#Resist: Franklin,115,13,Movements & Politics,221183678,Resist-Franklin
21744883,Franklin Strategy Games Testing,50,11,Games,219103267,Franklin-Strategy-Games-Testing
21761849,Nashville Area Young Adults: Jesus,71,28,Religion & Beliefs,219206920,Franklin-Lets-start-a-20s-ministry
18468466,Big East Fork Hiking & Breakfast Club,411,23,Outdoors & Adventure,184844188,Big-East-Fork-Hiking-Breakfast-Club
21277425,All Things German Book Club,50,18,Book Clubs,56725922,All-Things-German-Book-Club
18392345,Southern Foragers Meetup,289,4,Community & Environment,57945482,Southern-Foragers-Meetup
20793609,Seniors Social Dance Night,39,31,Socializing,215194572,Seniors-Social-Dance-Night
17686062,Williamson County Ruby Meetup,80,34,Tech,161262782,Williamson-County-Ruby-Meetup
22156556,Mystic Mamas of Middle Tennessee,50,31,Socializing,157866772,Mystic-Mamas-of-Middle-Tennessee
25590123,Home Buyers of Rutherford,32,2,Career & Business,230684071,Home-Buyers-of-Rutherford
24811380,Marigolds Author Group + Travel Club for Christian Women 50+,10,1,Arts & Culture,13371408,Marigolds-Author-Group-Travel-Club-for-Christian-Women-50
23742545,Smyrna Yoga Zumba & Boot Camp Women Only,139,9,Fitness,226783032,Smyrna-Yoga-Zumba-Boot-Camp-Women-Only
20647425,ML/JP Dance Music Family,97,21,Music,173945092,ML-JP-Dance-Music-Family
22504351,Sumner County Shooters,32,32,Sports & Recreation,6141229,SumnerCountyShooters
21686664,Gallatin Makerspace,118,34,Tech,126066112,GallatinMakerspace
19494897,The Relationship Sounding Board,40,33,Support,186028004,The-Relationship-Sounding-Board
